ID,Name,Nationality,Overall,Potential,Club
193080,De Gea,Spain,91,93,Manchester United
192985,K. De Bruyne,Belgium,91,92,Manchester City
183277,E. Hazard,Belgium,91,91,Chelsea
168542,David Silva,Spain,90,90,Manchester City
215914,N. Kanté,France,89,90,Chelsea
202126,H. Kane,England,89,91,Tottenham Hotspur
153079,S. Agüero,Argentina,89,89,Manchester City
209331,M. Salah,Egypt,88,89,Liverpool
190460,C. Eriksen,Denmark,88,91,Tottenham Hotspur
188567,P. Aubameyang,Gabon,88,88,Arsenal
167948,H. Lloris,France,88,88,Tottenham Hotspur
195864,P. Pogba,France,87,91,Manchester United
192505,R. Lukaku,Belgium,87,89,Manchester United
172871,J. Vertonghen,Belgium,87,87,Tottenham Hotspur
222492,L. Sané,Germany,86,92,Manchester City
218667,Bernardo Silva,Portugal,86,91,Manchester City
210257,Ederson,Brazil,86,90,Manchester City
208722,S. Mané,Senegal,86,87,Liverpool
203376,V. van Dijk,Netherlands,86,88,Liverpool
202652,R. Sterling,England,86,89,Manchester City
201942,Roberto Firmino,Brazil,86,87,Liverpool
184432,Azpilicueta,Spain,86,86,Chelsea
184087,T. Alderweireld,Belgium,86,87,Tottenham Hotspur
176635,M. Özil,Germany,86,86,Arsenal
135507,Fernandinho,Brazil,86,86,Manchester City
212831,Alisson,Brazil,85,90,Liverpool
204485,R. Mahrez,Algeria,85,85,Manchester City
193301,A. Lacazette,France,85,86,Arsenal
192366,N. Otamendi,Argentina,85,85,Manchester City
184941,A. Sánchez,Chile,85,85,Manchester United
139720,V. Kompany,Belgium,85,85,Manchester City
220793,D. Sánchez,Colombia,84,88,Tottenham Hotspur
212218,A. Laporte,France,84,88,Manchester City
211300,A. Martial,France,84,90,Manchester United
211117,D. Alli,England,84,90,Tottenham Hotspur
209499,Fabinho,Brazil,84,88,Liverpool
205498,Jorginho,Italy,84,87,Chelsea
200104,H. Son,Korea Republic,84,85,Tottenham Hotspur
192563,B. Leno,Germany,84,87,Arsenal
191202,N. Matić,Serbia,84,84,Manchester United
188377,K. Walker,England,84,84,Manchester City
186942,I. Gündoğan,Germany,84,84,Manchester City
180403,Willian,Brazil,84,84,Chelsea
172879,Sokratis,Greece,84,84,Arsenal
163587,K. Schmeichel,Denmark,84,84,Leicester City
230666,Gabriel Jesus,Brazil,83,92,Manchester City
220971,N. Keïta,Guinea,83,88,Liverpool
207410,M. Kovačić,Croatia,83,89,Chelsea
206585,Kepa,Spain,83,91,Chelsea
204935,J. Pickford,England,83,88,Everton
203574,J. Stones,England,83,87,Manchester City
201995,Felipe Anderson,Brazil,83,85,West Ham United
200949,Lucas Moura,Brazil,83,84,Tottenham Hotspur
193474,I. Gueye,Senegal,83,83,Everton
192883,H. Mkhitaryan,Armenia,83,83,Arsenal
192638,Marcos Alonso,Spain,83,84,Chelsea
179944,David Luiz,Brazil,83,83,Chelsea
178088,Juan Mata,Spain,83,83,Manchester United
178005,Rui Patrício,Portugal,83,83,Wolverhampton Wanderers
162895,Cesc Fàbregas,Spain,83,83,Chelsea
162240,M. Dembélé,Belgium,83,83,Tottenham Hotspur
223959,L. Torreira,Uruguay,82,87,Arsenal
216267,A. Robertson,Scotland,82,87,Liverpool
209297,Fred,Brazil,82,84,Manchester United
208830,J. Vardy,England,82,82,Leicester City
207494,J. Lingard,England,82,83,Manchester United
205452,A. Rüdiger,Germany,82,84,Chelsea
203263,H. Maguire,England,82,85,Leicester City
201153,Morata,Spain,82,85,Chelsea
198717,W. Zaha,Ivory Coast,82,85,Crystal Palace
192227,S. Mustafi,Germany,82,84,Arsenal
189505,Pedro,Spain,82,82,Chelsea
186561,A. Ramsey,Wales,82,83,Arsenal
186345,K. Trippier,England,82,82,Tottenham Hotspur
184484,G. Sigurðsson,Iceland,82,82,Everton
184200,M. Arnautović,Austria,82,82,West Ham United
183711,J. Henderson,England,82,82,Liverpool
181291,G. Wijnaldum,Netherlands,82,82,Liverpool
178509,O. Giroud,France,82,82,Chelsea
165229,L. Koscielny,France,82,82,Arsenal
48940,P. Čech,Czech Republic,82,82,Arsenal
231677,M. Rashford,England,81,89,Manchester United
225508,E. Bailly,Ivory Coast,81,87,Manchester United
216451,J. Seri,Ivory Coast,81,82,Fulham
213661,A. Christensen,Denmark,81,88,Chelsea
210243,Ricardo Pereira,Portugal,81,85,Leicester City
208135,A. Doucouré,France,81,85,Watford
205923,B. Davies,Wales,81,84,Tottenham Hotspur
204884,B. Mendy,France,81,86,Manchester City
199503,G. Xhaka,Switzerland,81,84,Arsenal
195086,D. Lovren,Croatia,81,82,Liverpool
193348,X. Shaqiri,Switzerland,81,81,Liverpool
191740,Ander Herrera,Spain,81,81,Manchester United
189881,C. Smalling,England,81,82,Manchester United
188988,M. Lanzini,Argentina,81,85,West Ham United
170368,E. Lamela,Argentina,81,82,Tottenham Hotspur
169595,D. Rose,England,81,81,Tottenham Hotspur
167905,A. Valencia,Ecuador,81,81,Manchester United
164835,L. Fabiański,Poland,81,81,West Ham United
162347,João Moutinho,Portugal,81,81,Wolverhampton Wanderers
138412,J. Milner,England,81,81,Liverpool
228229,F. Balbuena,Paraguay,80,83,West Ham United
226790,W. Ndidi,Nigeria,80,85,Leicester City
224293,Rúben Neves,Portugal,80,87,Wolverhampton Wanderers
211575,André Gomes,Portugal,80,85,Everton
207599,M. Keane,England,80,83,Everton
205988,L. Shaw,England,80,85,Manchester United
205525,Bernard,Brazil,80,81,Everton
203841,N. Pope,England,80,83,Burnley
203747,Héctor Bellerín,Spain,80,85,Arsenal
203042,J. Butland,England,80,85,Stoke City
202849,J. Vestergaard,Denmark,80,81,Southampton
202695,J. Tarkowski,England,80,83,Burnley
202477,Deulofeu,Spain,80,82,Watford
202335,E. Dier,England,80,84,Tottenham Hotspur
200458,L. Digne,France,80,84,Everton
198784,A. Oxlade-Chamberlain,England,80,85,Liverpool
197853,S. Aurier,Ivory Coast,80,83,Tottenham Hotspur
197061,J. Matip,Cameroon,80,82,Liverpool
194794,A. Yarmolenko,Ukraine,80,80,West Ham United
193061,R. Pereyra,Argentina,80,80,Watford
189690,Guaita,Spain,80,80,Crystal Palace
188942,V. Wanyama,Kenya,80,82,Tottenham Hotspur
183427,F. Delph,England,80,80,Manchester City
180819,A. Lallana,England,80,80,Liverpool
180216,S. Coleman,Republic of Ireland,80,80,Everton
177604,Nacho Monreal,Spain,80,80,Arsenal
173373,S. Romero,Argentina,80,80,Manchester United
171833,D. Sturridge,England,80,80,Liverpool
170815,S. Defour,Belgium,80,80,Burnley
164468,G. Cahill,England,80,80,Chelsea
231943,Richarlison,Brazil,79,86,Everton
221660,V. Lindelöf,Sweden,79,85,Manchester United
216150,D. Zappacosta,Italy,79,81,Chelsea
213991,J. Lerma,Colombia,79,84,Bournemouth
212150,M. Meyer,Germany,79,83,Crystal Palace
210455,Jonny,Spain,79,83,Wolverhampton Wanderers
208920,N. Aké,Netherlands,79,84,Bournemouth
207993,S. Kolašinac,Bosnia Herzegovina,79,82,Arsenal
206652,Sergio Rico,Spain,79,83,Fulham
206304,L. Milivojević,Serbia,79,81,Crystal Palace
204311,K. Zouma,France,79,83,Everton
203362,M. Elyounoussi,Norway,79,85,Southampton
201862,M. Rojo,Argentina,79,79,Manchester United
199767,M. van Ginkel,Netherlands,79,80,Chelsea
199304,Danilo,Brazil,79,80,Manchester City
199189,R. Barkley,England,79,82,Chelsea
199005,M. Ryan,Australia,79,81,Brighton & Hove Albion
196978,C. Wilson,England,79,81,Bournemouth
194957,P. Jones,England,79,80,Manchester United
192991,C. Tosun,Turkey,79,80,Everton
191076,J. Guðmundsson,Iceland,79,79,Burnley
190456,N. Clyne,England,79,80,Liverpool
189682,B. Mee,England,79,79,Burnley
189560,Iborra,Spain,79,79,Leicester City
189461,J. Wilshere,England,79,81,West Ham United
186132,D. Drinkwater,England,79,79,Chelsea
184826,Adrien Silva,Portugal,79,79,Leicester City
183285,M. Sakho,France,79,80,Crystal Palace
178224,J. Hernández,Mexico,79,79,West Ham United
177723,Fabricio,Spain,79,79,Fulham
177358,M. Schneiderlin,France,79,79,Everton
176944,M. Fellaini,Belgium,79,79,Manchester United
173426,S. Mignolet,Belgium,79,79,Liverpool
172723,A. Begović,Bosnia Herzegovina,79,79,Bournemouth
169705,R. Bertrand,England,79,79,Southampton
164859,T. Walcott,England,79,79,Everton
163264,T. Heaton,England,79,79,Burnley
152908,A. Young,England,79,79,Manchester United
150724,J. Hart,England,79,79,Burnley
108080,S. Lichtsteiner,Switzerland,79,79,Arsenal
231281,T. Alexander-Arnold,England,78,88,Liverpool
229984,B. Chilwell,England,78,85,Leicester City
225100,J. Gomez,England,78,88,Liverpool
224458,Diogo Jota,Portugal,78,86,Wolverhampton Wanderers
220523,Y. Mina,Colombia,78,85,Everton
220407,M. Dúbravka,Slovakia,78,80,Newcastle United
213655,A. Iwobi,Nigeria,78,84,Arsenal
212811,M. Lemina,Gabon,78,83,Southampton
212501,L. Dendoncker,Belgium,78,84,Wolverhampton Wanderers
208450,Andreas Pereira,Brazil,78,84,Manchester United
204838,R. Jiménez,Mexico,78,79,Wolverhampton Wanderers
203487,J. Lascelles,England,78,83,Newcastle United
203485,T. Kongolo,Netherlands,78,83,Huddersfield Town
200607,C. Schindler,Germany,78,80,Huddersfield Town
199915,L. Dunk,England,78,81,Brighton & Hove Albion
199576,Oriol Romeu,Spain,78,80,Southampton
199354,Lucas Pérez,Spain,78,78,West Ham United
197948,F. Lejeune,France,78,80,Newcastle United
172962,V. Moses,Nigeria,78,78,Chelsea
174543,C. Bravo,Chile,78,78,Manchester City
182744,J. Holebas,Greece,78,78,Watford
169706,J. Cork,England,78,78,Burnley
173546,J. Tomkins,England,78,79,Crystal Palace
189165,J. Shelvey,England,78,80,Newcastle United
193011,S. Cook,England,78,78,Bournemouth
205569,J. Ward-Prowse,England,77,82,Southampton
219411,J. Izquierdo,Colombia,77,78,Brighton & Hove Albion
220697,J. Maddison,England,77,85,Leicester City
198683,M. Gabbiadini,Italy,77,78,Southampton
135451,Gomes,Brazil,77,77,Watford
186395,M. Ritchie,Scotland,77,77,Newcastle United
186146,D. Welbeck,England,77,77,Arsenal
224294,L. Cook,England,77,84,Bournemouth
190765,P. Groß,Germany,77,78,Brighton & Hove Albion
163631,L. Baines,England,77,77,Everton
183855,A. Ogbonna,Italy,77,77,West Ham United
182836,A. Carroll,England,77,77,West Ham United
213051,M. Elneny,Egypt,77,79,Arsenal
215871,A. Jahanbakhsh,Iran,77,80,Brighton & Hove Albion
169792,J. Rodriguez,England,77,77,West Bromwich Albion
189250,S. Rondón,Venezuela,77,77,Newcastle United
194644,Montoya,Spain,77,78,Brighton & Hove Albion
195671,C. Austin,England,77,77,Southampton
188253,J. McCarthy,Republic of Ireland,77,77,Everton
182882,C. Sánchez,Colombia,77,77,West Ham United
183394,M. Sissoko,France,77,77,Tottenham Hotspur
193130,A. Schürrle,Germany,77,77,Fulham
50542,J. Defoe,England,77,77,Bournemouth
200054,Pedro Obiang,Equatorial Guinea,77,80,West Ham United
192123,C. Wood,New Zealand,77,78,Burnley
193158,D. Pröpper,Netherlands,77,78,Brighton & Hove Albion
172937,G. Murray,England,77,77,Brighton & Hove Albion
189324,A. McCarthy,England,77,78,Southampton
213135,D. Origi,Belgium,77,82,Liverpool
53914,P. Jagielka,England,77,77,Everton
201884,R. Brady,Republic of Ireland,77,78,Burnley
176285,W. Reid,New Zealand,77,77,West Ham United
201118,Cédric,Portugal,77,78,Southampton
213666,R. Loftus-Cheek,England,77,85,Chelsea
215716,A. Mitrović,Serbia,77,82,Fulham
206516,W. Hughes,England,77,84,Watford
207807,R. Fraser,Scotland,77,81,Bournemouth
222400,H. Winks,England,77,85,Tottenham Hotspur
183491,M. Jørgensen,Denmark,77,79,Huddersfield Town
137677,M. Vorm,Netherlands,77,77,Tottenham Hotspur
199633,M. Lowton,England,77,77,Burnley
231633,I. Diop,France,77,86,West Ham United
225018,F. Andone,Romania,77,81,Brighton & Hove Albion
188155,D. Janmaat,Netherlands,77,77,Watford
202750,W. Boly,France,77,80,Wolverhampton Wanderers
205566,Alberto Moreno,Spain,77,79,Liverpool
225024,M. Holgate,England,76,82,Everton
186115,K. Gibbs,England,76,76,West Bromwich Albion
201988,F. Fernández,Argentina,76,76,Newcastle United
188166,M. Phillips,Scotland,76,76,West Bromwich Albion
172553,J. Lössl,Denmark,76,76,Huddersfield Town
189963,W. Bony,Ivory Coast,76,76,Swansea City
195859,D. Ings,England,76,78,Southampton
186905,A. Barnes,Austria,76,76,Burnley
189725,T. Cleverley,England,76,76,Watford
179746,S. Vokes,Wales,76,76,Burnley
215590,Ayoze Pérez,Spain,76,81,Newcastle United
155946,R. Snodgrass,Scotland,76,76,West Ham United
152879,M. Noble,England,76,76,West Ham United
184111,C. Benteke,Belgium,76,76,Crystal Palace
139062,W. Caballero,Argentina,76,76,Chelsea
180283,Ki Sung Yueng,Korea Republic,76,76,Newcastle United
190531,E. Mangala,France,76,78,Manchester City
184392,M. Darmian,Italy,76,76,Manchester United
205897,N. Chalobah,England,76,81,Watford
186190,P. van Aanholt,Netherlands,76,76,Crystal Palace
207441,L. Vietto,Argentina,76,80,Fulham
162131,Llorente,Spain,76,76,Tottenham Hotspur
215639,Kenedy,Brazil,76,84,Newcastle United
183129,C. Clark,Republic of Ireland,76,77,Newcastle United
183130,M. Albrighton,England,76,76,Leicester City
194138,A. Gray,England,76,77,Watford
228717,Y. Mutō,Japan,76,79,Newcastle United
197756,J. Ayew,Ghana,76,76,Crystal Palace
203910,A. Knockaert,France,76,76,Brighton & Hove Albion
184716,J. Allen,Wales,76,76,Stoke City
213648,P. Højbjerg,Denmark,76,81,Southampton
194201,P. Jansson,Sweden,76,78,Leeds United
189860,Kiko Femenía,Spain,76,77,Watford
190885,A. Smith,England,76,76,Bournemouth
182184,D. Stephens,England,76,76,Brighton & Hove Albion
152747,A. Lennon,England,76,76,Burnley
172203,F. Forster,England,76,77,Southampton
189615,A. Cresswell,England,76,76,West Ham United
163761,C. Davies,England,76,76,Derby County
186801,C. Kouyaté,Senegal,76,76,Crystal Palace
219571,Camarasa,Spain,76,83,Cardiff City
206517,J. Grealish,England,76,84,Aston Villa
186805,J. Montero,Ecuador,76,76,Swansea City
142784,P. Zabaleta,Argentina,76,76,West Ham United
171972,J. McArthur,Scotland,76,76,Crystal Palace
216774,W. Hoedt,Netherlands,76,80,Southampton
228295,R. Holding,England,76,83,Arsenal
210648,A. Hegazi,Egypt,76,78,West Bromwich Albion
220633,D. Gray,England,76,83,Leicester City
205295,H. Soudani,Algeria,76,76,Nottingham Forest
212722,D. Yedlin,United States,76,81,Newcastle United
194806,C. Dawson,England,76,76,West Bromwich Albion
183546,J. Hogg,England,76,76,Huddersfield Town
190717,M. Antonio,England,76,76,West Ham United
220414,Diego Rico,Spain,76,80,Bournemouth
189446,J. Stanislas,England,75,75,Bournemouth
212491,A. Masuaku,DR Congo,75,79,West Ham United
197136,K. Ansarifard,Iran,75,75,Nottingham Forest
188182,L. Balogun,Nigeria,75,75,Brighton & Hove Albion
200478,J. Hendrick,Republic of Ireland,75,77,Burnley
193062,M. Zeegelaar,Netherlands,75,75,Watford
202282,S. Armstrong,Scotland,75,77,Southampton
212267,Ivan Cavaleiro,Portugal,75,78,Wolverhampton Wanderers
221743,Hélder Costa,Portugal,75,81,Wolverhampton Wanderers
207920,E. Durm,Germany,75,77,Huddersfield Town
210736,Emerson,Italy,75,79,Chelsea
139313,C. Fuchs,Austria,75,75,Leicester City
194365,S. Okazaki,Japan,75,75,Leicester City
198719,N. Redmond,England,75,79,Southampton
204355,P. Dummett,Wales,75,76,Newcastle United
229453,Gil Dias,Portugal,75,82,Nottingham Forest
204366,J. Locadia,Netherlands,75,79,Brighton & Hove Albion
219732,G. Nkoudou,France,75,80,Tottenham Hotspur
189280,A. Westwood,England,75,75,Burnley
176993,Bojan,Spain,75,75,Stoke City
170084,W. Hennessey,Wales,75,75,Crystal Palace
232805,Bernardo,Brazil,75,80,Brighton & Hove Albion
205670,D. Gayle,England,75,75,West Bromwich Albion
233064,M. Mount,England,75,86,Derby County
235883,R. Sessegnon,England,75,88,Fulham
224883,S. Mounié,Benin,75,82,Huddersfield Town
230005,T. Davies,England,75,84,Everton
210047,F. Schär,Switzerland,75,80,Newcastle United
179591,Pablo Hernández,Spain,75,75,Leeds United
172425,S. Bamba,Ivory Coast,75,75,Cardiff City
188556,M. Diamé,Senegal,75,75,Newcastle United
212883,D. Amartey,Ghana,75,79,Leicester City
184469,H. Arter,Republic of Ireland,75,75,Cardiff City
208534,A. Mawson,England,75,84,Fulham
186783,A. Adomah,Ghana,75,75,Aston Villa
191648,M. Yoshida,Japan,75,75,Southampton
169638,C. Daniels,England,75,75,Bournemouth
136113,W. Morgan,Jamaica,75,75,Leicester City
225719,K. Iheanacho,Nigeria,75,83,Leicester City
232119,C. Söyüncü,Turkey,75,83,Leicester City
210372,R. Ghezzal,Algeria,75,76,Leicester City
213956,Adama,Spain,75,85,Wolverhampton Wanderers
212933,L. Depoitre,Belgium,75,75,Huddersfield Town
201417,M. Doherty,Republic of Ireland,75,78,Wolverhampton Wanderers
165321,S. Ward,Republic of Ireland,75,75,Burnley
135883,S. Francis,England,75,75,Bournemouth
198861,N. Mendy,France,75,77,Leicester City
175314,K. McDonald,Scotland,75,75,Fulham
208339,O. Niasse,Senegal,75,75,Everton
199383,T. Klose,Switzerland,75,75,Norwich City
172768,A. Surman,England,75,75,Bournemouth
157665,S. Dann,England,75,75,Crystal Palace
180706,C. Cathcart,Northern Ireland,75,75,Watford
184037,M. Kelly,England,75,76,Crystal Palace
189157,Y. Bolasie,DR Congo,75,75,Aston Villa
226537,V. Janssen,Netherlands,75,78,Tottenham Hotspur
200443,B. Douglas,Scotland,75,75,Leeds United
206075,S. Johnstone,England,75,80,West Bromwich Albion
189456,L. Cooper,Scotland,74,75,Leeds United
186130,J. Chester,Wales,74,74,Aston Villa
189462,J. Hoilett,Canada,74,74,Cardiff City
210972,Manquillo,Spain,74,78,Newcastle United
186143,O. Norwood,Northern Ireland,74,74,Sheffield United
205601,C. Atsu,Ghana,74,75,Newcastle United
205351,A. Pritchard,England,74,78,Huddersfield Town
221479,D. Calvert-Lewin,England,74,83,Everton
173608,Joselu,Spain,74,74,Newcastle United
198190,G. Cunningham,Republic of Ireland,74,75,Cardiff City
205360,K. Roofe,England,74,76,Leeds United
200758,L. Moore,England,74,78,Reading
193849,C. Hourihane,Republic of Ireland,74,74,Aston Villa
202048,C. Coady,England,74,77,Wolverhampton Wanderers
232270,T. Fosu-Mensah,Netherlands,74,84,Fulham
163418,Y. Kaboul,France,74,74,Watford
177766,G. Bong,Cameroon,74,74,Brighton & Hove Albion
204904,M. Bauer,Austria,74,77,Stoke City
192362,L. Narsingh,Netherlands,74,74,Swansea City
188270,B. Ecuélé Manga,Gabon,74,74,Cardiff City
216433,A. El Ghazi,Netherlands,74,80,Aston Villa
105846,A. Boruc,Poland,74,74,Bournemouth
169596,R. Shawcross,England,74,74,Stoke City
199550,B. Martins Indi,Netherlands,74,77,Stoke City
169600,D. Simpson,England,74,74,Leicester City
233601,R. Sobhi,Egypt,74,79,Huddersfield Town
205186,P. Gazzaniga,Argentina,74,78,Tottenham Hotspur
225410,A. Masina,Italy,74,79,Watford
189059,J. Livermore,England,74,74,West Bromwich Albion
178567,E. Pieters,Netherlands,74,74,Stoke City
189067,M. Britos,Uruguay,74,74,Watford
145047,Bruno Saltor,Spain,74,74,Brighton & Hove Albion
172953,A. Mariappa,Jamaica,74,74,Watford
187033,S. Morrison,England,74,76,Cardiff City
211098,B. Dack,England,74,78,Blackburn Rovers
190362,T. Pukki,Finland,74,74,Norwich City
212125,L. Marković,Serbia,74,77,Liverpool
172960,L. Grabban,England,74,74,Nottingham Forest
187043,S. Johansen,Norway,74,75,Fulham
158372,I. Afellay,Netherlands,74,74,Stoke City
227236,A. Zambo Anguissa,Cameroon,74,82,Fulham
205989,C. Chambers,England,74,80,Fulham
208295,R. Saïss,Morocco,74,74,Wolverhampton Wanderers
177578,S. Prödl,Austria,74,74,Watford
178091,S. Okaka,Italy,74,74,Watford
189099,J. Kodjia,Ivory Coast,74,74,Aston Villa
184749,D. Gosling,England,74,74,Bournemouth
204464,J. Ralls,England,74,79,Cardiff City
231600,Marc Navarro,Spain,74,81,Watford
231352,T. Abraham,England,74,85,Aston Villa
198331,M. Vydra,Czech Republic,74,76,Burnley
202697,J. Stephens,England,74,80,Southampton
220620,F. Hadergjonaj,Switzerland,74,80,Huddersfield Town
187084,M. Diouf,Senegal,74,74,Stoke City
151508,S. Davis,Northern Ireland,74,74,Southampton
192725,M. Le Marchand,France,74,74,Fulham
200408,B. Gibson,England,74,80,Burnley
204760,C. Taylor,England,74,78,Burnley
234457,O. Etebo,Nigeria,74,84,Stoke City
205540,J. Ibe,England,74,79,Bournemouth
53739,L. Grant,England,74,74,Manchester United
186351,L. Fer,Netherlands,74,74,Swansea City
163824,A. Williams,Wales,74,74,Stoke City
203505,J. Bryan,England,74,78,Fulham
229880,A. Wan-Bissaka,England,74,84,Crystal Palace
198143,Samu Saiz,Spain,74,75,Leeds United
169216,S. Long,Republic of Ireland,73,73,Southampton
206594,S. March,England,73,77,Brighton & Hove Albion
203783,T. Smith,England,73,76,Huddersfield Town
220685,Léo Bonatini,Brazil,73,78,Wolverhampton Wanderers
54033,T. Huddlestone,England,73,73,Derby County
203544,C. Löwe,Germany,73,73,Huddersfield Town
186392,J. Ward,England,73,73,Crystal Palace
149791,W. Hoolahan,Republic of Ireland,73,73,West Bromwich Albion
205346,R. Fredericks,England,73,75,West Ham United
220196,D. Brooks,Wales,73,85,Bournemouth
186156,L. Ayling,England,73,74,Leeds United
186158,K. Bartley,England,73,75,West Bromwich Albion
193331,K. Darlow,England,73,75,Newcastle United
200759,J. Schlupp,Ghana,73,76,Crystal Palace
192838,E. Schelotto,Italy,73,73,Brighton & Hove Albion
200521,T. Ince,England,73,74,Stoke City
212300,J. O'Connell,England,73,80,Sheffield United
224081,K. Phillips,England,73,79,Leeds United
221269,J. Riedewald,Netherlands,73,80,Crystal Palace
183893,C. Yacob,Argentina,73,73,Nottingham Forest
193884,S. Clucas,England,73,73,Stoke City
194146,K. Long,Republic of Ireland,73,73,Burnley
2147,M. Stekelenburg,Netherlands,73,73,Everton
170597,T. Krul,Netherlands,73,73,Norwich City
157804,S. Carson,England,73,73,Derby County
207725,M. van der Hoorn,Netherlands,73,76,Swansea City
184436,A. Smithies,England,73,75,Cardiff City
198261,T. Ream,United States,73,73,Fulham
189303,Nélson Oliveira,Portugal,73,73,Norwich City
237692,P. Foden,England,73,88,Manchester City
207998,D. Ward,Wales,73,76,Leicester City
169345,M. Suttner,Austria,73,73,Brighton & Hove Albion
190084,P. Tachtsidis,Greece,73,73,Nottingham Forest
234378,D. Rice,Republic of Ireland,73,84,West Ham United
221587,J. Lolley,England,73,74,Nottingham Forest
200857,M. Leitner,Germany,73,75,Norwich City
193186,N. Etheridge,Philippines,73,75,Cardiff City
222634,I. Success,Nigeria,73,80,Watford
234924,A. Diakhaby,France,73,78,Huddersfield Town
192955,M. Klich,Poland,73,73,Leeds United
210881,J. McGinn,Scotland,73,78,Aston Villa
204246,M. Bettinelli,England,73,77,Fulham
231638,A. Peñaranda,Venezuela,73,81,Watford
183774,R. Bennett,England,73,73,Wolverhampton Wanderers
231391,João Carvalho,Portugal,73,82,Nottingham Forest
186598,K. Naughton,England,73,73,Swansea City
181483,M. Jedinák,Australia,73,73,Aston Villa
155885,A. McGeady,Republic of Ireland,73,73,Sunderland
203502,B. Reid,England,73,78,Cardiff City
189167,A. Gunnarsson,Iceland,73,73,Cardiff City
230899,A. Lookman,England,73,85,Everton
234742,H. Barnes,England,73,84,West Bromwich Albion
183288,Y. Benalouane,Tunisia,73,73,Leicester City
189177,J. Fleck,Scotland,73,74,Sheffield United
206085,J. Murphy,England,72,80,Newcastle United
224263,J. Kenny,England,72,79,Everton
193550,B. Kayal,Israel,72,72,Brighton & Hove Albion
183567,E. Mulder,Netherlands,72,73,Swansea City
163600,J. Ruddy,England,72,72,Wolverhampton Wanderers
186139,M. James,England,72,72,Leicester City
207645,M. Barrow,Gambia,72,73,Reading
191005,A. Elmohamady,Egypt,72,72,Aston Villa
203038,Lucas Piazon,Brazil,72,77,Chelsea
192546,E. Stevens,Republic of Ireland,72,72,Sheffield United
206115,I. Hayden,England,72,79,Newcastle United
220710,H. Wilson,Wales,72,84,Derby County
210985,B. Osborn,England,72,78,Nottingham Forest
220714,P. Billing,Denmark,72,83,Huddersfield Town
202541,Jota,Spain,72,72,Birmingham City
211513,T. Lawrence,Wales,72,78,Derby County
51257,P. Crouch,England,72,72,Stoke City
202811,E. Martínez,Argentina,72,77,Arsenal
231485,A. Tuanzebe,England,72,83,Aston Villa
202052,B. Afobe,DR Congo,72,76,Stoke City
165190,J. Ledley,Wales,72,72,Derby County
200778,C. Christie,Republic of Ireland,72,75,Fulham
234574,Diogo Dalot,Portugal,72,84,Manchester United
219216,J. Windass,England,72,78,Wigan Athletic
234832,K. Pedersen,Denmark,72,77,Birmingham City
52306,C. Brunt,Northern Ireland,72,72,West Bromwich Albion
227667,I. Mbenza,Belgium,72,80,Huddersfield Town
185427,O. Nyland,Norway,72,74,Aston Villa
163156,R. Keogh,Republic of Ireland,72,72,Derby County
233306,D. Henderson,England,72,83,Sheffield United
52326,E. Jakupović,Switzerland,72,72,Leicester City
226162,E. Buendía,Argentina,72,79,Norwich City
188540,R. van La Parra,Netherlands,72,72,Huddersfield Town
192129,K. Nordfeldt,Sweden,72,74,Swansea City
201093,N. Powell,England,72,76,Wigan Athletic
204936,J. Egan,Republic of Ireland,72,77,Sheffield United
183706,M. Waghorn,England,72,72,Derby County
204193,T. Trybull,Germany,72,74,Norwich City
162981,J. Morrison,Scotland,72,72,West Bromwich Albion
237221,J. Foyth,Argentina,72,85,Tottenham Hotspur
6826,G. Barry,England,72,72,West Bromwich Albion
206006,E. Alioski,FYR Macedonia,72,73,Leeds United
163261,P. Bardsley,Scotland,72,72,Burnley
236480,Y. Bissouma,Mali,72,82,Brighton & Hove Albion
152514,J. Puncheon,England,72,72,Crystal Palace
184274,C. Basham,England,72,72,Sheffield United
231390,Diogo Gonçalves,Portugal,72,81,Nottingham Forest
190430,J. Bennett,England,72,72,Cardiff City
155871,B. Białkowski,Poland,72,72,Ipswich Town
177896,M. Vrančić,Bosnia Herzegovina,72,72,Norwich City
198641,K. Zohore,Denmark,72,77,Cardiff City
178417,C. Mulgrew,Scotland,72,72,Blackburn Rovers
164853,A. Federici,Australia,72,72,Stoke City
152567,A. Tettey,Norway,72,72,Norwich City
198904,G. Hanley,Scotland,72,74,Norwich City
101880,R. Green,England,72,72,Chelsea
205818,R. Woods,England,72,77,Stoke City
202491,T. Carroll,England,72,74,Swansea City
167931,R. Elliot,Republic of Ireland,72,72,Newcastle United
208892,S. Byram,England,72,75,Nottingham Forest
204289,S. Berahino,Burundi,71,76,Stoke City
186116,H. Lansbury,England,71,71,Aston Villa
216325,A. Gunn,England,71,83,Southampton
225541,A. Kamara,France,71,76,Fulham
212231,Tobias Figueiredo,Portugal,71,75,Nottingham Forest
203537,S. Ameobi,England,71,72,Bolton Wanderers
169498,J. Garner,England,71,71,Wigan Athletic
192540,M. Duffy,England,71,71,Sheffield United
138782,D. Fletcher,Scotland,71,71,Stoke City
139296,D. Nugent,England,71,71,Derby County
202017,O. Hernández,Germany,71,74,Norwich City
54051,W. Routledge,England,71,71,Swansea City
210724,C. Paterson,Scotland,71,77,Cardiff City
220198,B. Celina,Kosovo,71,81,Swansea City
201514,E. Kachunga,DR Congo,71,72,Huddersfield Town
226093,C. Adams,England,71,79,Birmingham City
184624,J. Rhodes,Scotland,71,71,Norwich City
198194,D. Williams,United States,71,71,Huddersfield Town
209729,B. McKay,Scotland,71,78,Swansea City
198489,J. McClean,Republic of Ireland,71,71,Stoke City
183385,A. Guédioura,Algeria,71,71,Nottingham Forest
214876,J. Marriott,England,71,78,Derby County
192613,C. Pantilimon,Romania,71,71,Nottingham Forest
191079,H. Dean,England,71,73,Birmingham City
159080,C. Bryson,Scotland,71,71,Derby County
191089,C. Wickham,England,71,75,Crystal Palace
200820,J. Obita,England,71,75,Reading
200309,T. Darikwa,Zimbabwe,71,72,Nottingham Forest
193910,A. Forshaw,England,71,72,Leeds United
220031,O. McBurnie,Scotland,71,80,Swansea City
155533,L. Clarke,England,71,71,Sheffield United
204687,P. Olkowski,Poland,71,71,Bolton Wanderers
198032,D. Burn,England,71,73,Wigan Athletic
193172,B. Marshall,England,71,71,Norwich City
194964,N. Mendez-Laing,England,71,72,Cardiff City
201368,K. McLean,Scotland,71,73,Norwich City
184472,M. Olsson,Sweden,71,71,Swansea City
220570,J. Bednarek,Poland,71,80,Southampton
179613,B. Sako,Mali,71,71,West Bromwich Albion
193185,S. Malone,England,71,72,Derby County
182178,G. Berardi,Switzerland,71,71,Leeds United
205990,H. Reed,England,71,78,Blackburn Rovers
190122,P. Coutts,Scotland,71,71,Sheffield United
201136,M. Colin,France,71,72,Birmingham City
200113,F. Jozefzoon,Netherlands,71,71,Derby County
208052,A. Yiadom,Ghana,71,72,Reading
166838,M. Pugh,England,71,71,Bournemouth
237238,S. McTominay,Scotland,71,81,Manchester United
224953,André Moreira,Portugal,71,80,Aston Villa
202940,N. Kebano,DR Congo,71,72,Fulham
188094,J. McLaughlin,Scotland,71,72,Sunderland
198335,B. Oviedo,Costa Rica,71,71,Sunderland
182209,M. Beevers,England,71,71,Bolton Wanderers
138436,J. Walters,Republic of Ireland,71,71,Ipswich Town
206534,P. Bamford,England,71,76,Leeds United
236496,M. Guendouzi,France,71,84,Arsenal
186578,A. King,Wales,71,71,Leicester City
197860,Ivo Pinto,Portugal,71,71,Norwich City
227813,O. Zinchenko,Ukraine,71,81,Manchester City
204519,C. Martina,Curacao,71,71,Stoke City
163050,B. Sharp,England,71,71,Sheffield United
198379,G. Thorne,England,71,75,Derby County
213750,K. Sema,Sweden,71,73,Watford
225782,A. Maitland-Niles,England,71,84,Arsenal
120312,M. Dawson,England,71,71,Nottingham Forest
212992,J. Böðvarsson,Iceland,70,72,Reading
206083,J. Murphy,England,70,77,Cardiff City
225539,D. Solanke,England,70,84,Liverpool
211204,D. John,Wales,70,78,Swansea City
220172,S. Janko,Switzerland,70,74,Nottingham Forest
139533,A. Hutton,Scotland,70,70,Aston Villa
218659,M. Targett,England,70,79,Southampton
173614,J. Pearce,England,70,70,Charlton Athletic
211504,L. Baker,England,70,78,Leeds United
226102,C. Dunkley,England,70,73,Wigan Athletic
178487,C. Gardner,England,70,70,Birmingham City
210236,M. Hefele,Germany,70,72,Nottingham Forest
51261,B. Myhill,Wales,70,70,West Bromwich Albion
192320,G. Gardner,England,70,70,Birmingham City
204353,C. Forsyth,Scotland,70,70,Derby County
211009,D. Lenihan,Republic of Ireland,70,75,Blackburn Rovers
199748,J. Knudsen,Denmark,70,73,Ipswich Town
155976,C. Adam,Scotland,70,70,Stoke City
170570,S. Ireland,Republic of Ireland,70,70,Bolton Wanderers
194122,W. Grigg,Northern Ireland,70,71,Wigan Athletic
215374,S. Hogan,Republic of Ireland,70,73,Aston Villa
180818,D. McGoldrick,Republic of Ireland,70,70,Sheffield United
179547,V. Mannone,Italy,70,70,Reading
225632,O. Burke,Scotland,70,81,West Bromwich Albion
226401,K. Dowell,England,70,83,Everton
240740,C. Hudson-Odoi,England,70,87,Chelsea
227174,M. Cash,England,70,81,Nottingham Forest
165736,D. Wheater,England,70,70,Bolton Wanderers
172904,L. Tomlin,England,70,70,Cardiff City
188782,M. Morrison,England,70,70,Birmingham City
188271,F. Ayité,Togo,70,70,Fulham
213105,L. Evans,Wales,70,75,Wigan Athletic
199027,J. Robinson,England,70,75,Nottingham Forest
226677,J. Bacuna,Netherlands,70,77,Huddersfield Town
198776,J. Williams,Wales,70,74,Crystal Palace
173436,N. Dyer,England,70,70,Swansea City
203398,D. Williams,Republic of Ireland,70,72,Blackburn Rovers
169607,L. Cattermole,England,70,70,Sunderland
232080,J. Harrison,England,70,81,Leeds United
236944,F. Diabaté,Mali,70,78,Leicester City
193942,J. Colback,England,70,70,Nottingham Forest
178584,A. Pearce,Republic of Ireland,70,70,Derby County
199584,M. Kieftenbeld,Netherlands,70,71,Birmingham City
173735,N. Taylor,Wales,70,70,Aston Villa
169644,J. Maghoma,DR Congo,70,70,Birmingham City
175789,B. Bjarnason,Iceland,70,70,Aston Villa
221618,L. Mousset,France,70,75,Bournemouth
201908,A. Wisdom,England,70,75,Derby County
158902,D. Fox,Scotland,70,70,Nottingham Forest
192449,M. Stiepermann,Germany,70,70,Norwich City
221890,J. Fulton,Scotland,70,77,Swansea City
212419,T. Mings,England,70,72,Bournemouth
193475,P. Souaré,Senegal,70,70,Crystal Palace
176841,L. Jutkiewicz,England,70,70,Birmingham City
204496,P. Bauer,Germany,70,74,Charlton Athletic
222420,G. Ward,England,70,76,Ipswich Town
152536,B. Johnson,England,70,70,Derby County
239322,C. Zimmermann,Germany,70,75,Norwich City
206561,C. Walton,England,70,80,Wigan Athletic
186595,E. Bennett,England,70,70,Blackburn Rovers
216549,A. Sørloth,Norway,70,76,Crystal Palace
220901,David Raya,Spain,70,77,Blackburn Rovers
163303,G. Whelan,Republic of Ireland,70,70,Aston Villa
169710,L. Bridcutt,Scotland,70,70,Nottingham Forest
213490,I. Brown,England,70,80,Leeds United
222970,E. Oztumer,England,70,71,Bolton Wanderers
162053,L. Chambers,England,69,69,Ipswich Town
185349,D. Odoi,Belgium,69,69,Fulham
162054,M. Bunn,England,69,69,Aston Villa
166919,M. Wilson,Republic of Ireland,69,69,Bolton Wanderers
211209,Pinillos,Spain,69,72,Barnsley
224265,J. Williams,England,69,79,Bolton Wanderers
187916,M. Olsson,Sweden,69,69,Derby County
194319,D. Ward,England,69,69,Cardiff City
186135,C. Evans,Northern Ireland,69,69,Blackburn Rovers
193303,A. Richards,Wales,69,69,Cardiff City
160292,B. Watson,England,69,69,Nottingham Forest
194091,M. Jacobs,England,69,69,Wigan Athletic
203570,S. Dallas,Northern Ireland,69,69,Leeds United
232756,F. Tomori,England,69,80,Derby County
202814,N. Byrne,England,69,72,Wigan Athletic
170305,C. Skuse,England,69,69,Ipswich Town
163396,J. Vaughan,England,69,69,Wigan Athletic
228174,C. Carter-Vickers,United States,69,84,Swansea City
197975,S. Morsy,Egypt,69,71,Wigan Athletic
227927,K. Walker-Peters,England,69,80,Tottenham Hotspur
189278,L. Murphy,England,69,69,Bolton Wanderers
101473,T. Kuszczak,Poland,69,69,Birmingham City
187489,D. Meyler,Republic of Ireland,69,69,Reading
165219,J. Hobbs,England,69,69,Bolton Wanderers
200292,J. Lowe,England,69,71,Bolton Wanderers
169575,L. Peltier,England,69,69,Cardiff City
205163,E. Huws,Wales,69,74,Ipswich Town
169590,D. Gibson,Republic of Ireland,69,69,Wigan Athletic
225147,C. Roberts,Wales,69,77,Swansea City
205185,Ilori,Portugal,69,73,Reading
184707,G. Madine,England,69,69,Cardiff City
155524,R. Stearman,England,69,69,Sheffield United
190852,C. McManaman,England,69,69,Wigan Athletic
200841,C. Jenkinson,England,69,71,Arsenal
169100,I. Anya,Scotland,69,69,Derby County
213905,S. Gallagher,England,69,77,Southampton
219803,D. Cavaré,France,69,75,Barnsley
3484,J. O'Shea,Republic of Ireland,69,69,Reading
204444,Y. Wildschut,Netherlands,69,69,Bolton Wanderers
221600,M. Clarke,England,69,82,Portsmouth
225441,K. Palmer,England,69,77,Blackburn Rovers
234679,P. Sandler,Netherlands,69,81,Manchester City
211384,J. Lowe,England,69,75,Portsmouth
183480,J. Spence,England,69,69,Ipswich Town
182207,D. Stockdale,England,69,69,Birmingham City
186559,J. Butterfield,England,69,69,Derby County
235458,C. Kipré,France,69,78,Wigan Athletic
222404,M. Normann,Norway,69,77,Brighton & Hove Albion
195020,D. Davis,England,69,70,Birmingham City
228829,M. Roberts,England,69,71,Birmingham City
229348,A. Robinson,United States,69,81,Wigan Athletic
189412,L. Damour,France,69,72,Cardiff City
193768,A. Matthews,Wales,69,71,Sunderland
228332,H. Choudhury,England,69,80,Leicester City
172780,B. Pitman,England,69,69,Portsmouth
228080,F. Passlack,Germany,69,81,Norwich City
231410,Brahim Díaz,Spain,69,86,Manchester City
156164,M. Cranie,England,68,68,Sheffield United
204297,A. O'Connor,Republic of Ireland,68,70,Bradford City
163340,D. Graham,England,68,68,Blackburn Rovers
228111,R. Curtis,Republic of Ireland,68,79,Portsmouth
233241,S. Ezatolahi,Iran,68,79,Reading
223004,J. Nolan,England,68,71,Ipswich Town
129566,P. McShane,Republic of Ireland,68,68,Reading
173859,S. Baldock,England,68,68,Reading
200741,T. Browning,England,68,73,Everton
200746,J. Lundstram,England,68,71,Sheffield United
211506,J. Swift,England,68,73,Reading
216627,K. Moore,England,68,71,Barnsley
203060,J. Vela,England,68,73,Bolton Wanderers
211514,R. James,England,68,72,Sunderland
49212,J. Speroni,Argentina,68,68,Crystal Palace
199741,C. Quaner,Germany,68,68,Huddersfield Town
222528,L. Gooch,United States,68,79,Sunderland
197953,E. O'Kane,Republic of Ireland,68,68,Leeds United
149825,D. Murphy,Republic of Ireland,68,68,Nottingham Forest
233795,B. Brereton,England,68,82,Blackburn Rovers
242000,K. Mavropanos,Greece,68,83,Arsenal
18771,L. Steele,England,68,68,Nottingham Forest
196953,A. Nsiala,DR Congo,68,72,Ipswich Town
221279,L. Kelly,Republic of Ireland,68,74,Reading
189541,C. Solly,England,68,69,Charlton Athletic
200806,R. Smallwood,England,68,68,Blackburn Rovers
200807,K. Freeman,Wales,68,69,Sheffield United
222576,Pleguezuelo,Spain,68,77,Arsenal
191090,T. Adeyemi,England,68,69,Ipswich Town
231292,J. Lewis,Northern Ireland,68,81,Norwich City
163201,M. McGovern,Northern Ireland,68,68,Norwich City
135043,A. Lindegaard,Denmark,68,68,Burnley
169609,J. Grounds,England,68,68,Bolton Wanderers
211595,G. Evans,England,68,75,Derby County
221841,A. Armstrong,England,68,80,Blackburn Rovers
216467,J. Payne,England,68,74,Bradford City
222876,J. Smith,England,68,72,Nottingham Forest
184480,H. Robson-Kanu,Wales,68,68,West Bromwich Albion
183465,J. Rodwell,England,68,68,Blackburn Rovers
205232,D. McGeouch,Scotland,68,71,Sunderland
208309,I. Cissé,Guinea,68,73,Fulham
213948,D. Holmes,United States,68,74,Derby County
240060,M. Aarons,England,68,84,Norwich City
186562,J. Magennis,Northern Ireland,68,68,Bolton Wanderers
216268,D. Watmore,England,68,73,Sunderland
228814,A. Green,England,68,82,Portsmouth
166862,J. Wright,England,68,68,Sheffield United
228815,T. Roberts,Wales,68,83,Leeds United
179665,A. Pilkington,Republic of Ireland,68,68,Cardiff City
139476,D. Gerken,England,68,68,Ipswich Town
236248,B. Woodburn,Wales,68,85,Sheffield United
173533,D. Button,England,68,68,Brighton & Hove Albion
229091,B. Peacock-Farrell,Northern Ireland,68,77,Leeds United
229605,C. Connolly,England,68,81,Wigan Athletic
201446,G. Moncur,England,68,73,Barnsley
189160,G. McCleary,Jamaica,68,68,Reading
189936,R. Ruiter,Netherlands,68,68,Sunderland
198133,L. Bacuna,Curacao,68,69,Reading
169721,M. Richards,England,68,68,Aston Villa
238074,R. James,England,68,84,Wigan Athletic
203265,T. Blackett,England,67,70,Reading
233730,Y. Meité,Ivory Coast,67,72,Reading
188164,J. Baxter,England,67,68,Oldham Athletic
200715,A. Davies,Wales,67,72,Barnsley
212493,S. Kaikai,England,67,73,Crystal Palace
167694,M. Connolly,England,67,67,Cardiff City
187150,W. Buckley,England,67,67,Bolton Wanderers
201491,D. Lafferty,Northern Ireland,67,67,Sheffield United
229911,M. Kenlock,England,67,78,Ipswich Town
170008,B. Hamer,England,67,67,Huddersfield Town
225310,B. Thompson,England,67,74,Portsmouth
218658,D. Iorfa,England,67,71,Wolverhampton Wanderers
233763,P. Dahlberg,Sweden,67,80,Watford
218660,J. Sims,England,67,77,Reading
223268,T. Andreu,France,67,67,Coventry City
228388,M. Thiam,Senegal,67,76,Barnsley
213798,A. Mowatt,England,67,75,Barnsley
203824,R. Matthews,England,67,75,Bolton Wanderers
222256,T. Bishop,England,67,77,Ipswich Town
203331,L. Isgrove,Wales,67,70,Barnsley
199498,G. Massey,England,67,68,Wigan Athletic
206161,A. Lazaar,Morocco,67,68,Newcastle United
215638,L. Lindsay,Scotland,67,77,Barnsley
53593,G. O'Neil,England,67,67,Bolton Wanderers
139866,G. Loovens,Netherlands,67,67,Sunderland
159578,C. Donaldson,Jamaica,67,67,Bolton Wanderers
227675,M. Johnson,England,67,67,Sheffield United
170078,M. Little,England,67,67,Bolton Wanderers
194150,S. Moore,England,67,67,Sheffield United
190311,L. Taylor,Montserrat,67,67,Charlton Athletic
164467,J. Ward,Northern Ireland,67,67,Charlton Athletic
225908,R. Oxford,England,67,80,West Ham United
240507,A. Gomes,England,67,87,Manchester United
226431,L. da Silva Lopes,Portugal,67,79,Wigan Athletic
170879,S. MacDonald,Wales,67,67,Wigan Athletic
223104,M. McNulty,Scotland,67,69,Reading
152454,G. Evans,England,67,67,Portsmouth
220045,C. Mahoney,England,67,77,Birmingham City
229266,J. Rodon,Wales,67,76,Swansea City
212118,M. Grimes,England,67,73,Swansea City
200855,G. Baldock,England,67,70,Sheffield United
206489,E. Fryers,England,67,70,Barnsley
228768,Xande Silva,Portugal,67,77,West Ham United
167841,C. Maguire,Scotland,67,67,Sunderland
216483,T. Fosu,England,67,75,Charlton Athletic
188836,J. Steele,England,67,70,Brighton & Hove Albion
204458,A. Oshilaja,England,67,71,AFC Wimbledon
205752,G. Edwards,Wales,67,70,Ipswich Town
204217,C. Wyke,England,67,70,Sunderland
204219,A. Jackson,England,67,75,Barnsley
207804,A. Bell,England,67,74,Blackburn Rovers
209852,B. Galloway,England,67,72,Everton
189885,C. Noone,England,67,67,Bolton Wanderers
186558,J. Ryan,Republic of Ireland,67,67,Blackpool
206018,I. Vetokele,Angola,67,69,Charlton Athletic
100803,K. Henry,England,67,67,Bradford City
212420,M. Sarr,France,67,73,Charlton Athletic
187077,F. Sears,England,67,67,Ipswich Town
210635,K. Hause,England,67,78,Wolverhampton Wanderers
225748,T. Cantwell,England,67,78,Norwich City
216791,M. Pennington,England,67,76,Ipswich Town
173530,S. Aluko,Nigeria,67,67,Reading
200667,M. Power,England,67,72,Sunderland
211166,J. Whatmough,England,67,80,Portsmouth
192481,D. Rowe,England,67,67,Ipswich Town
190180,R. McGowan,Australia,67,67,Bradford City
233957,S. Field,England,67,82,West Bromwich Albion
111590,L. Feeney,England,67,67,Blackpool
203751,C. Townsend,England,67,71,West Bromwich Albion
183527,J. Spearing,England,67,67,Blackpool
53736,L. Camp,Northern Ireland,67,67,Birmingham City
199917,J. Forster-Caskey,England,67,74,Charlton Athletic
238062,B. Baningime,DR Congo,67,81,Everton
236015,M. Gibbs-White,England,67,86,Wolverhampton Wanderers
169458,A. Bruce,Northern Ireland,67,67,Wigan Athletic
163571,M. Jarvis,England,67,67,Norwich City
239097,D. Srbeny,Germany,67,71,Norwich City
234496,O. Bogle,England,66,70,Birmingham City
225793,B. Godfrey,England,66,79,Norwich City
230918,T. Chalobah,England,66,81,Ipswich Town
224019,Pedro Chirivella,Spain,66,75,Liverpool
178713,L. Trotter,England,66,66,AFC Wimbledon
202532,M. Doughty,Wales,66,69,Swindon Town
163621,B. Alnwick,England,66,66,Bolton Wanderers
245035,C. Gomes,France,66,84,Manchester City
202799,J. Graham,England,66,71,Ipswich Town
186422,S. Scannell,Republic of Ireland,66,66,Bradford City
215864,J. Dodoo,Ghana,66,75,Blackpool
170818,S. Davies,England,66,66,Blackpool
207429,D. Samuel,England,66,71,Blackburn Rovers
228684,R. Nyambe,Namibia,66,78,Blackburn Rovers
235855,J. Asoro,Sweden,66,81,Swansea City
205393,J. Baldwin,England,66,71,Sunderland
186449,L. Kelly,Scotland,66,66,Coventry City
177495,C. Taylor,England,66,66,Blackpool
139609,C. Conway,Scotland,66,66,Blackburn Rovers
223082,W. Norris,England,66,72,Wolverhampton Wanderers
225387,L. Page,England,66,75,Charlton Athletic
224108,V. Solomon-Otabor,Nigeria,66,77,Birmingham City
209268,D. Rose,England,66,66,Portsmouth
236918,A. Dreyer,Denmark,66,78,Brighton & Hove Albion
235642,R. Yates,England,66,79,Nottingham Forest
228225,W. Harding,England,66,75,Birmingham City
231044,J. Aribo,England,66,77,Charlton Athletic
165509,B. Clarke,Republic of Ireland,66,66,Charlton Athletic
233105,K. Dougall,Australia,66,68,Barnsley
203415,J. Reeves,England,66,71,Bradford City
222104,T. Adarabioyo,England,66,76,West Bromwich Albion
220058,D. Phillips,England,66,75,Charlton Athletic
233114,J. Riley,England,66,75,Bradford City
217758,C. Washington,Northern Ireland,66,69,Sheffield United
152735,M. Doyle,Republic of Ireland,66,66,Coventry City
213152,C. Morris,England,66,74,Norwich City
177315,G. Roberts,England,66,66,Wigan Athletic
162980,A. Taylor,England,66,66,Bolton Wanderers
235172,Rúben Vinagre,Portugal,66,82,Wolverhampton Wanderers
193958,L. Brown,England,66,66,Portsmouth
205481,M. Bennett,England,66,77,Derby County
189868,M. Marshall,Jamaica,66,66,Charlton Athletic
192695,N. Thompson,England,66,66,Portsmouth
173752,C. Gunter,Wales,66,66,Reading
213693,J. Rothwell,England,66,74,Blackburn Rovers
119233,T. Mears,England,66,66,West Bromwich Albion
201927,C. Harriott,England,66,72,Reading
206536,T. Naylor,England,66,68,Portsmouth
205015,J. Grimmer,Scotland,66,72,Coventry City
210392,R. McLaughlin,Northern Ireland,66,72,Blackpool
183517,A. Ogogo,England,66,66,Coventry City
156894,D. Pratley,England,66,66,Charlton Athletic
194785,T. Flanagan,Northern Ireland,66,69,Sunderland
206562,L. Thompson,Wales,66,73,Norwich City
201958,E. Ebanks-Landell,England,66,69,Wolverhampton Wanderers
155886,S. Henderson,Republic of Ireland,66,66,Nottingham Forest
223727,C. MacGillivray,England,66,72,Portsmouth
231408,J. Leko,England,66,78,West Bromwich Albion
192496,P. Downing,England,66,68,Blackburn Rovers
229362,A. Öztürk,Turkey,66,70,Sunderland
158716,D. Edwards,Wales,66,66,Reading
205054,K. Naismith,Scotland,66,67,Wigan Athletic
236037,P. Clement,Netherlands,65,71,Reading
193798,J. Mason,Republic of Ireland,65,65,Portsmouth
207633,J. Haugaard,Denmark,65,70,Stoke City
205586,I. Vassell,England,65,68,Birmingham City
203287,E. Harrison,Wales,65,66,Ipswich Town
157734,A. Jaakkola,Finland,65,65,Reading
233510,T. Chong,Netherlands,65,85,Manchester United
138279,L. Dyer,England,65,65,Bolton Wanderers
197932,K. Appiah,Ghana,65,65,AFC Wimbledon
197170,K. Harris,England,65,68,Cardiff City
183347,J. Leutwiler,Canada,65,65,Blackburn Rovers
228151,J. Cullen,Republic of Ireland,65,75,Charlton Athletic
232250,L. Amos,England,65,79,Tottenham Hotspur
206653,B. Potts,England,65,70,Barnsley
192317,J. Steer,England,65,70,Charlton Athletic
205887,C. Woodrow,England,65,72,Barnsley
231743,K. Davis,England,65,76,Aston Villa
219458,D. Wheeler,England,65,65,Portsmouth
200779,J. Clarke-Harris,England,65,70,Coventry City
200525,S. Walker,England,65,68,Reading
182365,J. Jones,England,65,65,Wigan Athletic
215412,C. Elder,Australia,65,72,Leicester City
216699,G. Zelalem,United States,65,75,Arsenal
198269,J. Jervis,England,65,66,AFC Wimbledon
240513,E. Hamilton,Scotland,65,78,Manchester United
237698,C. Gribbin,England,65,80,Manchester United
225667,C. Chaplin,England,65,75,Coventry City
225668,K. Grant,England,65,78,Charlton Athletic
215700,L. O'Nien,England,65,70,Sunderland
211095,N. Brock-Madsen,Denmark,65,68,Birmingham City
172952,T. Diagouraga,France,65,65,Swindon Town
235161,J. Maja,England,65,82,Sunderland
216227,K. Jackson,England,65,68,Ipswich Town
227764,J. Jones,England,65,77,Coventry City
169909,J. Brown,England,65,65,Coventry City
237499,A. Sabiri,Germany,65,76,Huddersfield Town
206524,J. Willis,England,65,72,Coventry City
224965,C. Doidge,Wales,65,67,Bolton Wanderers
186565,S. Wagstaff,England,65,65,AFC Wimbledon
222156,J. Bree,England,65,77,Aston Villa
216270,G. Honeyman,England,65,72,Sunderland
229073,J. Dacres-Cogley,England,65,74,Birmingham City
234706,B. Mason,England,65,76,Coventry City
235735,E. Ampadu,Wales,65,86,Chelsea
222937,B. Close,England,65,76,Portsmouth
225511,C. Trueman,England,65,75,Birmingham City
231406,K. Edwards,England,65,77,West Bromwich Albion
232174,O. Hawkins,England,65,68,Portsmouth
238319,T. Edwards,England,65,82,Stoke City
189171,A. Chicksen,Zimbabwe,65,66,Bradford City
232438,G. Nepomuceno,Curacao,65,66,Oldham Athletic
189691,D. Ball,England,65,65,Bradford City
216322,J. Hiwula,England,64,71,Coventry City
229379,L. de la Torre,United States,64,76,Fulham
229895,D. Donohue,Wales,64,66,Portsmouth
234249,S. Surridge,England,64,77,Oldham Athletic
209675,J. Donacien,St Lucia,64,68,Ipswich Town
231436,G. Diangana,England,64,79,West Ham United
235026,O. Richards,England,64,79,Reading
225557,R. Poole,Wales,64,75,Manchester United
220197,K. Bryan,England,64,77,Sheffield United
197928,J. Bond,England,64,69,West Bromwich Albion
190504,H. Akpan,Nigeria,64,65,Bradford City
208944,N. Knight-Percival,England,64,64,Bradford City
222514,F. Woodman,England,64,78,Newcastle United
232252,A. Walkes,England,64,72,Portsmouth
233276,A. Dozzell,England,64,80,Ipswich Town
240446,C. Tilt,England,64,67,Blackpool
209475,J. O'Sullivan,Republic of Ireland,64,67,Blackpool
225361,L. McGee,England,64,74,Portsmouth
243282,D. McNeil,England,64,79,Burnley
235347,T. Pearce,England,64,79,Leeds United
237139,T. Oakley-Boothe,England,64,81,Tottenham Hotspur
209493,D. Daniels,Montserrat,64,69,Blackpool
171620,A. Wordsworth,England,64,64,AFC Wimbledon
227686,K. Anderson,England,64,68,Swindon Town
237160,R. Williams,England,64,79,Manchester United
237161,S. Longstaff,England,64,78,Newcastle United
235627,O. Fane,France,64,70,Oldham Athletic
187761,E. Doyle,Republic of Ireland,64,64,Bradford City
210044,C. Burgess,England,64,67,Portsmouth
238717,E. Pinnock,England,64,71,Barnsley
140420,B. Murphy,Republic of Ireland,64,64,Cardiff City
240783,T. Campbell,England,64,82,Stoke City
240273,E. Smith Rowe,England,64,85,Arsenal
239506,S. Hughes,England,64,75,Leicester City
241042,O. Skipp,England,64,83,Tottenham Hotspur
230044,M. Maouche,France,64,68,Oldham Athletic
219551,C. Shaughnessy,Republic of Ireland,64,74,Leeds United
232104,D. James,Wales,64,79,Swansea City
223916,A. Jones,England,64,70,Bradford City
169645,A. Barcham,England,64,64,AFC Wimbledon
212910,A. Gnanduillet,Ivory Coast,64,65,Blackpool
200633,R. McDonald,England,64,67,AFC Wimbledon
236988,E. Nketiah,England,64,84,Arsenal
182206,R. O'Donnell,England,64,64,Bradford City
201921,N. Ajose,England,64,64,Charlton Athletic
50632,P. Clarke,England,64,64,Oldham Athletic
206558,J. Roberts,England,64,69,Ipswich Town
192479,B. Reeves,Northern Ireland,64,65,Charlton Athletic
111328,L. McCormick,England,64,64,Swindon Town
240097,F. Downes,England,64,80,Ipswich Town
183780,O. Lancashire,England,64,64,Swindon Town
182761,A. Legzdins,England,64,64,Burnley
183789,M. Howard,England,64,64,Blackpool
206089,C. McGeehan,Northern Ireland,63,72,Barnsley
53778,M. Richards,England,63,63,Swindon Town
239899,Víctor Fernández,Spain,63,80,Newcastle United
203292,O. Turton,England,63,66,Blackpool
213797,J. Bunney,England,63,68,Blackpool
215855,B. Purrington,England,63,70,AFC Wimbledon
228410,D. Iversen,Denmark,63,75,Oldham Athletic
193613,J. Hanson,England,63,63,AFC Wimbledon
226129,J. Gorenc Stanković,Slovenia,63,76,Huddersfield Town
221525,S. Nelson,England,63,70,Swindon Town
242265,M. Obafemi,Republic of Ireland,63,78,Southampton
200286,K. Mellor,England,63,64,Bradford City
206430,J. Pigott,England,63,67,AFC Wimbledon
221538,W. Nightingale,England,63,71,AFC Wimbledon
229477,M. Bähre,Germany,63,72,Barnsley
238958,R. Harper,England,63,79,West Bromwich Albion
244591,J. Bogle,England,63,82,Derby County
237169,C. Bramall,England,63,70,Arsenal
237943,D. Scarr,England,63,69,Birmingham City
240510,J. Bohui,England,63,76,Manchester United
222864,J. Rose,England,63,71,Southampton
184467,N. Delfouneso,England,63,63,Blackpool
213413,L. Vigouroux,Chile,63,66,Swindon Town
203175,L. Burge,England,63,67,Coventry City
230070,J. Davenport,England,63,79,Blackburn Rovers
231863,Y. Dhanda,England,63,81,Swansea City
235450,Domingos Quina,Portugal,63,81,Watford
240826,L. Sörensen,Denmark,63,82,Stoke City
239553,T. Bayliss,England,63,78,Coventry City
240583,C. Lakin,England,63,79,Birmingham City
213969,M. Pinnock,England,63,68,AFC Wimbledon
177618,J. Wright,England,63,63,Bradford City
221141,A. Bakayoko,Sierra Leone,63,68,Coventry City
232413,A. Dijksteel,Netherlands,63,74,Charlton Athletic
186849,J. O'Brien,Scotland,63,63,Bradford City
218343,R. Hedges,Wales,63,72,Barnsley
221167,C. Dummigan,Northern Ireland,63,72,Oldham Athletic
224763,K. Bielik,Poland,63,78,Charlton Athletic
234241,B. Lubala,DR Congo,62,78,Birmingham City
169474,A. Taylor,England,62,62,Oldham Athletic
242965,F. Hornby,Scotland,62,81,Everton
203289,M. Clayton,England,62,69,Blackpool
228382,D. Agyei,England,62,71,Burnley
200485,J. McGlashan,England,62,62,Swindon Town
160293,T. Soares,England,62,62,AFC Wimbledon
200742,B. Heneghan,England,62,68,Blackpool
186152,J. Dunne,England,62,62,Swindon Town
235051,D. Johnson,England,62,78,Leicester City
229676,B. Haunstrup,England,62,73,Portsmouth
245037,Eric García,Spain,62,82,Manchester City
203312,L. Dennis,England,62,65,Portsmouth
235059,L. Thomas,England,62,76,Coventry City
233782,M. Feeney,England,62,78,Everton
221499,D. Gardner,England,62,62,Oldham Athletic
53827,M. Taylor,England,62,62,Swindon Town
235076,L. Ndukwu,England,62,77,Leicester City
216656,J. Sinclair,England,62,73,Sunderland
225623,M. Makasi,England,62,69,West Ham United
173660,P. Caddis,Scotland,62,62,Bradford City
211299,K. Roos,Netherlands,62,66,Derby County
225650,T. King,England,62,70,AFC Wimbledon
237683,N. Holland,England,62,77,West Ham United
242291,K. Brünker,Germany,62,69,Bradford City
240248,R. Hutton,England,62,74,Birmingham City
238460,R. Brewster,England,62,84,Liverpool
225946,O. Shenton,England,62,75,Stoke City
237213,J. Knight,England,62,75,Leicester City
225694,T. Thomas,England,62,70,AFC Wimbledon
221349,J. Nuttall,England,62,74,Blackburn Rovers
198825,M. Cullen,England,62,65,Blackpool
221106,B. Gladwin,England,62,64,Blackburn Rovers
246200,G. Zabret,Slovenia,62,72,Swansea City
244923,J. Branger-Engone,Gabon,62,65,Oldham Athletic
239552,M. Biamou,France,62,62,Coventry City
233934,A. Ramsdale,England,62,76,Bournemouth
233426,A. Georgiou,Cyprus,62,75,Tottenham Hotspur
223963,C. Humphreys-Grant,England,62,77,Manchester City
234207,J. Kitolano,Norway,62,77,Wolverhampton Wanderers
222947,T. Davies,England,62,65,Coventry City
237286,A. Connolly,Republic of Ireland,62,81,Brighton & Hove Albion
241651,V. Gyökeres,Sweden,62,79,Brighton & Hove Albion
238071,D. Sterling,England,62,74,Coventry City
231929,G. Miller,England,62,71,Bradford City
231936,B. White,England,61,76,Brighton & Hove Albion
239360,P. Struijk,Netherlands,61,74,Leeds United
229378,A. Edun,England,61,75,Ipswich Town
242434,C. Jones,England,61,82,Liverpool
226822,C. Roberts,England,61,73,Newcastle United
215562,R. Hunt,England,61,69,Oldham Athletic
228106,P. O'Connor,Republic of Ireland,61,72,Blackpool
229901,H. Souttar,Scotland,61,78,Stoke City
228368,J. Sterry,England,61,69,Newcastle United
237329,J. Willock,England,61,79,Arsenal
236316,Y. Valery,France,61,74,Southampton
228637,C. Harries,Wales,61,76,Swansea City
240926,N. Phillips,England,61,74,Liverpool
229930,K. Knoyle,England,61,69,Swindon Town
228401,K. Howkins,England,61,65,West Bromwich Albion
228148,R. Hepburn-Murphy,England,61,75,Aston Villa
237378,M. Dobre,Romania,61,75,Bournemouth
233051,L. Bolton,England,61,79,Manchester City
221281,D. Hyam,Scotland,61,73,Coventry City
225383,H. Charsley,Republic of Ireland,61,69,Everton
243055,Rafael Camacho,Portugal,61,81,Liverpool
216190,J. McCourt,England,61,66,Swindon Town
172944,G. Coke,England,61,61,Oldham Athletic
229783,D. Gyollai,Hungary,61,74,Stoke City
228517,A. Rinomhota,England,61,74,Reading
227498,K. Woolery,England,61,64,Swindon Town
230068,D. Duhaney,England,61,77,Huddersfield Town
238516,L. Østigård,Norway,61,81,Brighton & Hove Albion
223947,J. Benteke,Belgium,61,67,Oldham Athletic
233164,A. Muric,Montenegro,61,78,Manchester City
236239,A. Whiteman,England,61,75,Tottenham Hotspur
181457,C. Robertson,Scotland,61,61,Swindon Town
242386,C. Klarer,Austria,61,77,Southampton
228053,S. Harrison,England,61,72,Tottenham Hotspur
225751,A. Oxborough,England,61,76,Norwich City
235736,K. Sterling,England,61,75,Tottenham Hotspur
230876,M. Butcher,England,61,73,Bournemouth
242908,J. Clarke,England,61,80,Leeds United
138719,C. O'Grady,England,61,61,Oldham Athletic
230882,J. Simpson,England,61,71,Bournemouth
241382,R. Tulloch,England,61,76,West Bromwich Albion
241383,D. Meredith,Scotland,61,76,West Bromwich Albion
245992,B. Gilmour,Scotland,61,84,Chelsea
238075,M. Taylor-Crossdale,England,61,79,Chelsea
237316,B. Cooper,Wales,60,80,Swansea City
240906,B. Adekanye,Netherlands,60,80,Liverpool
239631,D. Loader,England,60,82,Reading
228888,G. Edmundson,England,60,71,Oldham Athletic
204825,B. Wilson,England,60,63,Bradford City
198685,L. O'Brien,England,60,64,Coventry City
236320,B. Rowthorn,England,60,69,Southampton
236321,D. N'Lundulu,England,60,72,Southampton
227878,C. Guy,England,60,70,Blackpool
229163,C. Slattery,England,60,77,Southampton
234290,A. Halme,Finland,60,75,Leeds United
224307,T. Watson,England,60,72,AFC Wimbledon
232759,J. Tymon,England,60,77,Stoke City
242752,N. Ferguson,England,60,75,West Bromwich Albion
243277,J. Mukena,Belgium,60,74,Watford
224855,G. Byers,Scotland,60,68,Swansea City
231536,T. Johnson,England,60,71,Southampton
240500,L. Woolfenden,England,60,70,Swindon Town
238990,S. Lavery,Northern Ireland,60,76,Everton
236209,D. Hume,England,60,70,Sunderland
213686,D. Love,Scotland,60,66,Sunderland
240334,Z. Medley,England,60,78,Arsenal
241632,B. Garré,Argentina,60,78,Manchester City
228584,A. May,England,60,71,Portsmouth
225775,M. Bola,England,60,70,Blackpool
226800,B. Ashley-Seal,England,60,76,Wolverhampton Wanderers
229372,A. Davies,Wales,60,71,Fulham
169725,I. Miller,England,60,60,Oldham Athletic
198655,C. Missilou,Congo,60,63,Oldham Athletic
237825,N. Kirby,England,59,79,Crystal Palace
241160,G. McEachran,England,59,81,Chelsea
234252,C. Jordan,England,59,73,Bournemouth
224526,J. Lyden,Australia,59,69,Oldham Athletic
241422,K. Hansen,Norway,59,72,Southampton
218646,M. Smith,England,59,66,Swindon Town
230935,Z. de la Paz,Curacao,59,68,Oldham Athletic
228383,K. Grabara,Poland,59,76,Liverpool
230697,E. Robson,England,59,70,Sunderland
238389,B. Wilmot,England,59,79,Watford
239676,K. Taylor,England,59,72,Bournemouth
233793,A. Lewis,Wales,59,76,Swansea City
236365,C. Wood,England,59,70,Bradford City
243044,N. Ofoborh,Nigeria,59,75,Bournemouth
231028,M. Šarkić,Montenegro,59,67,Aston Villa
237704,João Virgínia,Portugal,59,76,Everton
237966,Paulo Alves,Portugal,59,70,Wolverhampton Wanderers
233378,J. Shipley,Republic of Ireland,59,69,Coventry City
242085,M. Virtue,England,59,71,Liverpool
237505,J. Muscatt,England,59,69,Bolton Wanderers
244673,M. Daly,England,59,80,Huddersfield Town
228304,K. McFarlane,England,59,68,Birmingham City
220893,C. Baker-Richardson,England,59,67,Swansea City
227807,M. Folivi,England,59,74,Watford
238058,C. O'Hare,England,59,74,Aston Villa
238060,N. Trott,England,59,76,West Ham United
238326,M. Candlin,England,59,75,Blackburn Rovers
230136,J. Thompson,Northern Ireland,59,73,Blackpool
241159,M. Guehi,England,58,78,Chelsea
237832,I. Meite,England,58,68,Cardiff City
242961,S. Duke-McKenna,England,58,74,Bolton Wanderers
138786,B. Williams,England,58,58,Bolton Wanderers
228642,J. Tilley,England,58,74,Brighton & Hove Albion
240945,G. McGregor,England,58,72,Crystal Palace
240950,Pedro Gonçalves,Portugal,58,74,Wolverhampton Wanderers
228153,J. Powell,England,58,73,West Ham United
239673,T. Cordner,England,58,68,Bournemouth
234319,L. Travis,England,58,72,Blackburn Rovers
223827,J. McDonnell,England,58,66,AFC Wimbledon
242781,R. Blumberg,Australia,58,72,Charlton Athletic
240734,M. O'Riley,England,58,78,Fulham
227682,G. Lapslie,England,58,71,Charlton Athletic
236653,J. Bird,England,58,66,Barnsley
242841,A. Appiah,England,58,81,Nottingham Forest
243871,S. High,England,58,74,Huddersfield Town
243872,M. Obiero,England,58,73,Huddersfield Town
228779,B. Barclay,England,58,68,Brighton & Hove Albion
239800,S. Sessegnon,England,58,77,Fulham
234177,N. Ennis,England,58,75,Wolverhampton Wanderers
242385,T. Abraham,England,58,76,Fulham
243669,J. Anthony,England,58,73,Bournemouth
243670,J. Boote,England,58,71,Bournemouth
233687,T. Odusina,England,58,74,Norwich City
233442,J. Osei-Tutu,England,58,74,Arsenal
225778,T. Robinson,England,58,72,Bradford City
236530,L. O'Brien,England,58,72,Bradford City
237831,S. Seedorf,Netherlands,57,72,Bradford City
234251,K. O'Connell,England,57,69,Bournemouth
241419,M. Bird,England,57,78,Derby County
241434,T. Golden,England,57,70,Wigan Athletic
245019,S. Woods,England,57,71,Crystal Palace
230942,J. Pask,England,57,68,West Ham United
244275,A. Wilson,England,57,80,Newcastle United
226105,J. McKay,Scotland,57,65,Cardiff City
243258,J. Barrett,England,57,72,Huddersfield Town
243259,H. Spratt,England,57,70,Huddersfield Town
236358,K. Flanagan,Republic of Ireland,57,75,Crystal Palace
243281,O. Younger,England,57,70,Burnley
244306,S. Graham,England,57,78,Oldham Athletic
233048,T. Dele-Bashiru,England,57,76,Manchester City
238177,A. Hartigan,England,57,77,AFC Wimbledon
225134,A. Bass,England,57,70,Portsmouth
220530,D. Lavercombe,England,57,67,Wigan Athletic
237176,R. Schofield,England,57,77,Huddersfield Town
240514,M. Johnstone,England,57,70,Sunderland
245379,Y. Toure,Switzerland,57,80,Newcastle United
231046,J. Eastwood,England,57,65,Sheffield United
229269,Z. Westbrooke,England,57,67,Coventry City
233368,R. Harker,England,57,75,Burnley
208291,R. Allassani,England,57,67,Coventry City
213667,D. Conroy,England,57,64,Swindon Town
229050,O. Buur Rasmussen,Denmark,57,71,Wolverhampton Wanderers
240580,B. Folami,Australia,57,73,Ipswich Town
213967,C. Mafoumbi,Congo,57,61,Blackpool
243667,C. Thompson,England,57,73,Fulham
245715,J. Shackleton,England,57,77,Leeds United
236244,T. Sibbick,England,57,69,AFC Wimbledon
240863,C. Coventry,Republic of Ireland,57,73,West Ham United
243427,R. Edmondson,England,57,79,Leeds United
243687,H. Pritchard,England,57,60,Blackpool
243196,C. Nicell,Republic of Ireland,57,72,Leeds United
231182,O. O'Dwyer,England,56,69,Crystal Palace
240673,C. Lang,England,56,73,Oldham Athletic
240946,F. Baptiste,England,56,76,Crystal Palace
244277,K. Watts,England,56,76,Newcastle United
237415,J. Williams,England,56,74,Barnsley
236650,J. Brown,England,56,68,Barnsley
238186,M. Bulka,Poland,56,74,Chelsea
240769,J. Hallam,England,56,71,Sheffield United
238466,J. Thompson,England,56,70,Coventry City
240772,S. Mallon,Republic of Ireland,56,73,Sheffield United
240786,A. Koiki,England,56,63,Burnley
243608,R. Giles,England,56,76,Wolverhampton Wanderers
241825,T. Francois,Australia,56,74,Fulham
243622,M. Nottingham,St Kitts Nevis,56,56,Blackpool
240555,J. Bennett,England,56,62,Sheffield United
242382,L. Ashby-Hammond,England,56,76,Fulham
240336,T. Chakwana,England,56,64,Burnley
242407,M. Blair,England,56,66,Burnley
230893,O. Evans,Wales,56,68,Wigan Athletic
236529,S. Alzate,England,56,68,Swindon Town
230148,W. Tomlinson,England,55,65,Blackburn Rovers
245771,W. Huffer,England,55,72,Leeds United
234260,A. Fisher,England,55,63,Blackburn Rovers
230943,G. McDonagh,Republic of Ireland,55,65,Barnsley
240947,T. Mitchell,England,55,72,Crystal Palace
234039,R. Edmonds-Green,England,55,70,Huddersfield Town
244293,A. Payne,England,55,71,Norwich City
240462,M. Howarth,England,55,65,Burnley
240732,O. Bayode,England,55,63,Burnley
243827,L. Cass,England,55,74,Newcastle United
239222,J. Grayson,England,55,70,Blackburn Rovers
230014,E. Iandolo,England,55,63,Swindon Town
243353,B. Mumba,England,55,80,Sunderland
240323,J. Earing,England,55,70,Bolton Wanderers
241646,D. Butterworth,England,55,70,Blackburn Rovers
243194,Hugo Díaz,Spain,55,70,Leeds United
229375,E. Adebayo,England,55,67,Swindon Town
229398,H. McKirdy,Scotland,54,67,Aston Villa
241432,E. Otim,Uganda,54,68,Barnsley
240674,C. Merrie,England,54,70,Wigan Athletic
246052,A. Long,England,54,72,Wigan Athletic
237865,L. Colville,England,54,64,Bradford City
241453,J. Hackett,England,54,64,Sunderland
235064,C. MacDonald,Scotland,54,71,Derby County
241982,E. Watt,Scotland,54,75,Wolverhampton Wanderers
225867,V. Adeboyejo,England,54,63,Barnsley
241494,M. Jenz,Germany,54,69,Fulham
233832,T. Garratt,England,54,65,AFC Wimbledon
227949,J. Kerr,Scotland,54,69,Brighton & Hove Albion
236407,A. Nelson,England,54,64,Sunderland
242297,A. Søndergaard,Denmark,54,77,Wolverhampton Wanderers
228223,J. Weaver,England,54,66,Birmingham City
238465,C. Camwell,England,54,71,Coventry City
237975,B. Cotter,Republic of Ireland,54,64,Ipswich Town
233383,P. Kalambayi,England,54,68,AFC Wimbledon
245162,T. Wood,England,54,66,AFC Wimbledon
224947,D. Grimshaw,England,54,68,Manchester City
229559,J. Veale,Wales,54,65,Cardiff City
240322,H. Brockbank,England,54,66,Bolton Wanderers
246228,J. Lankester,England,54,75,Ipswich Town
244192,T. Isherwood,Sweden,54,70,Bradford City
236009,C. John,England,54,72,Wolverhampton Wanderers
241644,J. Romanski,England,54,64,Swindon Town
242422,J. Doherty,Republic of Ireland,54,74,Sheffield United
228369,J. Walton,England,53,70,Barnsley
241426,K. Sparta,Australia,53,67,AFC Wimbledon
239893,C. Coxe,Wales,53,69,Cardiff City
239895,J. Waite,Wales,53,69,Cardiff City
241959,D. Smith,England,53,72,Portsmouth
243252,T. Hamer,England,53,73,Oldham Athletic
230971,N. Tzanev,New Zealand,53,65,AFC Wimbledon
227676,M. Kennedy,Northern Ireland,53,63,Charlton Athletic
234114,K. Yao,England,53,70,Charlton Athletic
240813,J. Gibson,England,53,67,Bradford City
246454,D. Revan,England,53,72,Aston Villa
240585,B. Williams,Wales,53,71,Barnsley
241870,M. Casey,England,53,73,Portsmouth
240603,J. Doyle-Hayes,Republic of Ireland,53,72,Aston Villa
245245,D. Walters,England,53,64,Coventry City
245002,P. Durin,Croatia,52,74,Portsmouth
245611,D. Parkhouse,Northern Ireland,52,71,Sheffield United
242541,C. Brown,England,52,64,Cardiff City
244347,S. Pryce,England,52,64,Swindon Town
227770,M. Boney,England,52,69,Blackpool
241690,M. Wolfe,England,51,73,Barnsley
246318,T. Stevenson,England,51,69,Charlton Athletic
237619,S. Twine,England,51,63,Swindon Town
244674,O. Urhoghide,England,51,61,AFC Wimbledon
234705,A. Eleftheriou,England,51,62,Watford
233215,C. Addai,Ghana,51,61,Coventry City
237204,R. Hackett-Fairchild,England,50,66,Charlton Athletic
244924,J. Sheridan,England,50,65,Oldham Athletic
245587,J. Greatorex,England,49,66,Barnsley
241276,F. Sinclair-Smith,England,49,67,Blackpool
233398,W. Henry,England,49,66,Swindon Town
245412,H. Norris,England,48,66,Oldham Athletic
238550,R. Roache,Republic of Ireland,48,69,Blackpool
231381,J. Young,Scotland,47,62,Swindon Town
